,mean_silhouette,std_silhouette,mean_dunn,std_dunn
IsolationForest,0.3520601461944126,0.09390221404423538,0.002134688185793809,0.0017723814662756244
DBSCAN,0.46609271363443217,0.032340634880277386,0.020967701250314868,0.009828627069404672
LOF,0.1581166674860951,0.09066918837431705,0.0023276104282467514,0.0018281333666703792
KMeans,0.39718920640186484,0.02417207523583056,0.012008310331359281,0.012219619504751188
