,mean_silhouette,std_silhouette,mean_dunn,std_dunn
IsolationForest,0.3883239381125627,0.04678704669875571,0.005925536721797433,0.004015612785049126
DBSCAN,0.24423851455275242,0.012420399588932868,0.00740346852709782,0.0009118124061304469
LOF,0.28190647694241466,0.15194798107602403,0.012518612493060832,0.004690677664258753
KMeans,0.28293855131259243,0.0351581522337039,0.0743748515944695,0.01870298156156205
